{
 "metirics": {
  "train": {
   "base/lr": 0.001,
   "base/momentum": 0.9,
   "loss": 0.551884534805117,
   "base/data_time": 0.0033994873278305653,
   "base/model_time": 0.012142546180267113,
   "base/batch_time": 0.015575269631718165,
   "_fps": 4303.446364010153
  },
  "valid": {
   "base/lr": 0.001,
   "base/momentum": 0.9,
   "loss": 0.4959109423646501,
   "base/data_time": 0.004005808739145853,
   "base/model_time": 0.011736086219739006,
   "base/batch_time": 0.01577629860799025,
   "_fps": 4123.165108275714
  }
 },
 "epoch": 0,
 "time": "2019-03-10T18:10:15.404292"
}
